Latitude,Longitude,Type,Depth,Magnitude,Time,Area,Date,Year,Month,Day
21.104,121.21799999999999,Earthquake,30.0,5.7,08:18:57,中华人民共和国,1965-03-01,1965,3,1
21.122,121.148,Earthquake,30.0,5.6,13:20:57,中华人民共和国,1965-03-01,1965,3,1
22.635,121.117,Earthquake,15.0,5.8,02:02:09,中华人民共和国,1965-03-15,1965,3,15
25.08,122.897,Earthquake,165.0,5.6,05:09:50,中华人民共和国,1965-04-15,1965,4,15
21.045,120.79799999999999,Earthquake,37.1,6.1,22:15:45,中华人民共和国,1965-04-26,1965,4,26
41.801,79.414,Earthquake,10.0,6.2,08:34:43,新疆维吾尔自治区,1965-05-04,1965,5,4
22.336,121.24799999999999,Earthquake,68.4,6.7,17:19:33,中华人民共和国,1965-05-17,1965,5,17
32.052,87.78399999999999,Earthquake,10.0,5.9,20:14:51,西藏自治区,1965-06-17,1965,6,17
23.764,121.56,Earthquake,40.0,5.9,11:36:14,台湾省,1965-06-27,1965,6,27
22.338,101.49600000000001,Earthquake,35.0,5.9,11:26:13,云南省,1965-07-03,1965,7,3
12.347000000000001,114.485,Earthquake,20.0,5.9,03:36:02,中华人民共和国,1965-10-07,1965,10,7
43.745,87.84299999999999,Earthquake,35.0,6.5,04:33:52,新疆维吾尔自治区,1965-11-13,1965,11,13
24.13,121.96600000000001,Earthquake,25.0,5.8,17:57:42,中华人民共和国,1966-02-03,1966,2,3
26.246,103.18700000000001,Earthquake,10.0,6.4,15:12:31,云南省,1966-02-05,1966,2,5
26.12,103.22200000000001,Earthquake,10.0,5.9,10:44:40,云南省,1966-02-13,1966,2,13
31.525,80.487,Earthquake,20.0,6.7,02:10:56,西藏自治区,1966-03-06,1966,3,6
31.421999999999997,80.554,Earthquake,20.0,6.3,02:15:56,西藏自治区,1966-03-06,1966,3,6
37.156,114.875,Earthquake,25.0,6.5,21:29:19,河北省,1966-03-07,1966,3,7
24.122,122.583,Earthquake,30.0,7.5,16:31:20,中华人民共和国,1966-03-12,1966,3,12
37.535,115.039,Earthquake,20.0,6.2,08:11:37,河北省,1966-03-22,1966,3,22
37.545,115.061,Earthquake,20.0,6.8,08:19:36,河北省,1966-03-22,1966,3,22
37.714,115.275,Earthquake,20.0,6.0,15:19:04,河北省,1966-03-26,1966,3,26
37.798,115.096,Earthquake,20.0,5.9,18:14:22,河北省,1966-03-26,1966,3,26
37.464,115.12700000000001,Earthquake,20.0,6.0,06:12:00,河北省,1966-03-29,1966,3,29
24.298000000000002,122.595,Earthquake,50.0,6.2,14:21:23,中华人民共和国,1966-05-05,1966,5,5
24.274,122.631,Earthquake,50.0,5.8,00:03:59,中华人民共和国,1966-05-28,1966,5,28
24.328000000000003,122.66,Earthquake,35.0,5.6,11:44:52,中华人民共和国,1966-06-07,1966,6,7
24.739,122.414,Earthquake,112.5,6.4,05:50:40,中华人民共和国,1966-07-01,1966,7,1
22.924,121.507,Earthquake,30.0,6.2,17:10:47,中华人民共和国,1966-09-15,1966,9,15
27.419,92.57600000000001,Earthquake,14.4,5.9,05:10:57,西藏自治区,1966-09-26,1966,9,26
27.412,100.103,Earthquake,20.0,6.3,14:00:24,云南省,1966-09-28,1966,9,28
20.317999999999998,120.11399999999999,Earthquake,21.6,5.6,03:41:37,中华人民共和国,1967-01-04,1967,1,4
28.463,94.24799999999999,Earthquake,16.9,5.7,06:58:05,西藏自治区,1967-03-14,1967,3,14
38.474000000000004,116.60799999999999,Earthquake,29.7,6.1,08:58:24,河北省,1967-03-27,1967,3,27
39.365,73.78699999999999,Earthquake,15.0,5.6,14:51:01,新疆维吾尔自治区,1967-05-11,1967,5,11
36.034,77.714,Earthquake,20.0,5.9,19:05:48,新疆维吾尔自治区,1967-05-27,1967,5,27
31.079,93.639,Earthquake,20.0,5.7,09:21:03,西藏自治区,1967-08-15,1967,8,15
31.633000000000003,100.262,Earthquake,10.0,6.4,04:22:04,四川省,1967-08-30,1967,8,30
31.587,100.255,Earthquake,10.0,5.8,11:08:49,四川省,1967-08-30,1967,8,30
24.401,122.21799999999999,Earthquake,71.1,6.8,00:59:25,中华人民共和国,1967-10-25,1967,10,25
24.416,122.275,Earthquake,75.0,5.7,00:22:24,中华人民共和国,1967-10-26,1967,10,26
23.965,122.161,Earthquake,35.0,6.1,07:03:45,中华人民共和国,1968-01-13,1968,1,13
22.733,121.368,Earthquake,25.0,7.1,10:50:19,中华人民共和国,1968-02-26,1968,2,26
24.95,122.439,Earthquake,22.5,6.2,07:08:21,中华人民共和国,1968-10-20,1968,10,20
36.306,101.772,Earthquake,25.0,5.6,09:06:37,青海省,1968-12-22,1968,12,22
41.388999999999996,79.307,Earthquake,13.3,6.1,22:08:54,新疆维吾尔自治区,1969-02-11,1969,2,11
38.31,119.572,Earthquake,10.0,6.9,05:24:47,中华人民共和国,1969-07-18,1969,7,18
21.660999999999998,111.803,Earthquake,20.0,5.7,22:49:41,广东省,1969-07-25,1969,7,25
22.761999999999997,121.656,Earthquake,25.0,5.9,11:42:15,中华人民共和国,1969-09-05,1969,9,5
39.643,74.952,Earthquake,30.0,5.8,14:46:23,新疆维吾尔自治区,1969-09-14,1969,9,14
39.637,74.781,Earthquake,30.0,5.6,16:15:26,新疆维吾尔自治区,1969-09-14,1969,9,14
24.185,102.54299999999999,Earthquake,11.3,7.1,17:00:41,云南省,1970-01-04,1970,1,4
23.984,102.73200000000001,Earthquake,15.0,5.9,11:49:10,云南省,1970-01-05,1970,1,5
24.371,102.302,Earthquake,23.5,5.8,03:40:03,云南省,1970-02-05,1970,2,5
23.083000000000002,100.771,Earthquake,10.0,6.1,22:10:41,云南省,1970-02-06,1970,2,6
30.607,103.20299999999999,Earthquake,15.0,5.6,02:07:35,四川省,1970-02-24,1970,2,24
24.125999999999998,122.25299999999999,Earthquake,30.0,6.1,10:20:59,中华人民共和国,1970-02-25,1970,2,25
39.802,77.679,Earthquake,14.7,6.0,05:50:58,新疆维吾尔自治区,1970-07-29,1970,7,29
22.78,121.34899999999999,Earthquake,29.5,6.2,07:58:21,中华人民共和国,1970-11-14,1970,11,14
24.336,122.426,Earthquake,55.0,5.7,09:39:24,中华人民共和国,1970-11-27,1970,11,27
24.112,122.238,Earthquake,30.0,5.8,14:26:10,中华人民共和国,1971-02-16,1971,2,16
41.52,79.325,Earthquake,15.0,6.2,09:52:11,新疆维吾尔自治区,1971-03-23,1971,3,23
41.419,79.243,Earthquake,15.0,5.8,20:47:17,新疆维吾尔自治区,1971-03-23,1971,3,23
35.448,98.137,Earthquake,10.0,6.0,13:54:19,青海省,1971-03-24,1971,3,24
32.158,95.042,Earthquake,15.0,5.8,04:49:02,西藏自治区,1971-04-03,1971,4,3
22.916999999999998,101.101,Earthquake,10.0,6.4,15:32:02,云南省,1971-04-28,1971,4,28
30.739,84.443,Earthquake,10.0,5.5,00:33:23,西藏自治区,1971-05-03,1971,5,3
22.3,121.09700000000001,Earthquake,51.9,5.6,00:09:37,中华人民共和国,1971-05-11,1971,5,11
32.299,92.1,Earthquake,10.0,5.6,20:03:31,西藏自治区,1971-05-22,1971,5,22
41.463,79.447,Earthquake,12.5,5.7,07:39:36,新疆维吾尔自治区,1971-06-15,1971,6,15
41.54600000000001,79.408,Earthquake,11.9,6.0,22:04:12,新疆维吾尔自治区,1971-06-15,1971,6,15
24.303,122.411,Earthquake,59.9,5.5,16:58:10,中华人民共和国,1971-07-19,1971,7,19
39.821,77.223,Earthquake,20.0,6.0,01:48:33,新疆维吾尔自治区,1971-07-26,1971,7,26
28.845,103.693,Earthquake,20.0,5.7,04:58:00,四川省,1971-08-16,1971,8,16
28.861,103.734,Earthquake,20.0,5.8,18:53:55,四川省,1971-08-16,1971,8,16
28.791,103.595,Earthquake,20.0,5.6,22:37:33,四川省,1971-08-16,1971,8,16
23.991,121.913,Earthquake,25.6,6.3,08:28:56,中华人民共和国,1971-08-19,1971,8,19
22.789,100.764,Earthquake,15.0,5.5,03:11:04,云南省,1971-09-14,1971,9,14
24.903000000000002,121.98700000000001,Earthquake,87.3,5.6,13:15:38,中华人民共和国,1971-10-09,1971,10,9
21.967,121.38799999999999,Earthquake,43.8,5.8,08:40:21,中华人民共和国,1971-10-20,1971,10,20
23.024,121.404,Earthquake,35.0,6.2,20:48:50,中华人民共和国,1971-10-30,1971,10,30
22.638,122.06700000000001,Earthquake,28.0,6.9,03:16:56,中华人民共和国,1972-01-04,1972,1,4
20.980999999999998,120.28,Earthquake,25.0,6.7,05:27:53,中华人民共和国,1972-01-08,1972,1,8
20.893,120.30799999999999,Earthquake,25.0,5.8,08:14:20,中华人民共和国,1972-01-08,1972,1,8
37.635999999999996,75.014,Earthquake,99.2,5.7,18:37:23,新疆维吾尔自治区,1972-01-12,1972,1,12
40.181999999999995,78.92,Earthquake,10.2,6.2,20:21:48,新疆维吾尔自治区,1972-01-15,1972,1,15
23.107,121.97399999999999,Earthquake,25.0,7.1,03:41:24,中华人民共和国,1972-01-25,1972,1,25
20.963,120.06299999999999,Earthquake,35.0,5.7,16:18:28,中华人民共和国,1972-01-28,1972,1,28
42.104,84.609,Earthquake,16.1,5.7,04:10:49,新疆维吾尔自治区,1972-04-09,1972,4,9
24.171,122.54299999999999,Earthquake,41.6,6.3,10:49:45,中华人民共和国,1972-04-17,1972,4,17
23.564,121.539,Earthquake,22.2,7.0,09:57:21,中华人民共和国,1972-04-24,1972,4,24
23.736,121.59,Earthquake,22.5,5.6,17:58:32,中华人民共和国,1972-04-24,1972,4,24
24.043000000000003,122.425,Earthquake,31.8,5.6,19:20:55,中华人民共和国,1972-04-27,1972,4,27
23.065,121.382,Earthquake,25.0,5.6,10:16:09,中华人民共和国,1972-05-05,1972,5,5
24.537,121.624,Earthquake,57.1,5.7,01:21:29,台湾省,1972-05-12,1972,5,12
21.085,120.20700000000001,Earthquake,25.0,5.7,09:14:09,中华人民共和国,1972-06-08,1972,6,8
31.355999999999998,91.444,Earthquake,10.0,5.9,16:41:03,西藏自治区,1972-07-22,1972,7,22
36.62,96.56200000000001,Earthquake,18.0,5.5,18:51:33,青海省,1972-08-30,1972,8,30
22.413,121.12299999999999,Earthquake,25.0,6.3,19:57:28,中华人民共和国,1972-09-22,1972,9,22
22.315,121.09100000000001,Earthquake,25.0,6.4,02:14:28,中华人民共和国,1972-09-23,1972,9,23
23.941,121.541,Earthquake,20.0,5.6,14:25:44,台湾省,1972-11-08,1972,11,8
23.898000000000003,121.56200000000001,Earthquake,22.9,6.1,18:41:15,台湾省,1972-11-09,1972,11,9
23.953000000000003,121.65700000000001,Earthquake,20.0,5.8,02:47:17,中华人民共和国,1972-11-21,1972,11,21
31.398000000000003,100.581,Earthquake,33.0,7.4,10:37:10,四川省,1973-02-06,1973,2,6
31.46,100.286,Earthquake,33.0,5.8,16:06:25,四川省,1973-02-07,1973,2,7
22.288,121.55,Earthquake,38.0,5.9,00:49:16,中华人民共和国,1973-02-14,1973,2,14
41.025,82.195,Earthquake,33.0,5.5,09:38:10,新疆维吾尔自治区,1973-05-17,1973,5,17
44.103,83.55,Earthquake,26.0,5.8,23:57:04,新疆维吾尔自治区,1973-06-02,1973,6,2
35.178000000000004,86.48100000000001,Earthquake,33.0,6.9,04:51:21,西藏自治区,1973-07-14,1973,7,14
35.256,86.602,Earthquake,33.0,5.9,13:39:30,西藏自治区,1973-07-14,1973,7,14
22.131,121.475,Earthquake,33.0,5.6,17:53:32,中华人民共和国,1973-07-28,1973,7,28
32.995,104.015,Earthquake,33.0,6.1,07:15:40,四川省,1973-08-11,1973,8,11
23.052,101.11,Earthquake,33.0,6.4,03:58:11,云南省,1973-08-16,1973,8,16
33.080999999999996,86.87700000000001,Earthquake,33.0,5.5,08:02:54,西藏自治区,1973-08-16,1973,8,16
33.243,86.749,Earthquake,33.0,5.5,07:25:44,西藏自治区,1973-09-08,1973,9,8
31.65,100.01299999999999,Earthquake,33.0,5.5,02:13:39,四川省,1973-09-09,1973,9,9
25.645,124.509,Earthquake,141.0,5.8,23:18:51,中华人民共和国,1973-09-11,1973,9,11
26.022,124.383,Earthquake,205.0,5.7,14:41:48,中华人民共和国,1974-01-02,1974,1,2
40.606,77.645,Earthquake,26.0,5.5,09:27:56,新疆维吾尔自治区,1974-01-04,1974,1,4
32.913000000000004,104.20299999999999,Earthquake,33.0,5.7,22:50:30,四川省,1974-01-15,1974,1,15
31.649,119.171,Earthquake,33.0,5.5,00:29:20,江苏省,1974-04-22,1974,4,22
22.301,121.49,Earthquake,26.0,5.5,05:57:35,中华人民共和国,1974-05-05,1974,5,5
28.243000000000002,104.015,Earthquake,11.0,6.8,19:25:15,云南省,1974-05-10,1974,5,10
28.273000000000003,103.954,Earthquake,39.0,5.5,07:03:00,云南省,1974-06-15,1974,6,15
24.572,122.68700000000001,Earthquake,32.0,6.0,19:16:46,中华人民共和国,1974-08-08,1974,8,8
39.457,73.83,Earthquake,9.0,7.3,01:13:55,新疆维吾尔自治区,1974-08-11,1974,8,11
39.415,73.773,Earthquake,27.0,5.6,05:23:53,新疆维吾尔自治区,1974-08-11,1974,8,11
39.471,73.652,Earthquake,33.0,5.8,20:05:30,新疆维吾尔自治区,1974-08-11,1974,8,11
39.469,73.62899999999999,Earthquake,9.0,6.1,21:21:34,新疆维吾尔自治区,1974-08-11,1974,8,11
18.337,119.171,Earthquake,11.0,5.9,05:55:06,中华人民共和国,1974-09-03,1974,9,3
18.208,119.125,Earthquake,33.0,5.6,05:59:41,中华人民共和国,1974-09-03,1974,9,3
28.596,85.49600000000001,Earthquake,70.0,5.6,05:26:39,西藏自治区,1974-09-27,1974,9,27
29.406,101.709,Earthquake,33.0,6.0,11:34:41,四川省,1975-01-15,1975,1,15
40.641,122.58,Earthquake,33.0,7.0,11:36:07,辽宁省,1975-02-04,1975,2,4
35.167,86.571,Earthquake,33.0,5.8,18:44:16,西藏自治区,1975-03-18,1975,3,18
35.819,79.915,Earthquake,33.0,6.3,11:06:43,新疆维吾尔自治区,1975-04-28,1975,4,28
35.88,80.016,Earthquake,31.0,5.9,11:58:34,新疆维吾尔自治区,1975-04-28,1975,4,28
33.093,92.92399999999999,Earthquake,33.0,6.1,05:18:49,青海省,1975-05-05,1975,5,5
35.16,80.801,Earthquake,26.0,5.5,19:47:45,西藏自治区,1975-05-19,1975,5,19
35.866,79.848,Earthquake,33.0,5.8,02:24:33,新疆维吾尔自治区,1975-06-04,1975,6,4
32.555,78.457,Earthquake,51.0,5.5,02:40:58,西藏自治区,1975-07-29,1975,7,29
40.043,78.624,Earthquake,33.0,5.5,18:32:34,新疆维吾尔自治区,1975-09-09,1975,9,9
23.019000000000002,121.68700000000001,Earthquake,33.0,5.8,09:02:32,中华人民共和国,1976-02-23,1976,2,23
24.284000000000002,121.8,Earthquake,40.0,5.7,01:06:59,中华人民共和国,1976-03-20,1976,3,20
40.217,112.219,Earthquake,27.0,5.5,16:54:40,内蒙古自治区,1976-04-05,1976,4,5
23.221,120.75299999999999,Earthquake,33.0,5.5,14:00:46,台湾省,1976-04-14,1976,4,14
24.57,98.95299999999999,Earthquake,8.0,6.9,12:23:19,云南省,1976-05-29,1976,5,29
24.531,98.71,Earthquake,10.0,7.0,14:00:19,云南省,1976-05-29,1976,5,29
24.343000000000004,98.64200000000001,Earthquake,14.0,6.2,05:08:28,云南省,1976-05-31,1976,5,31
24.377,98.771,Earthquake,20.0,5.5,18:35:05,云南省,1976-05-31,1976,5,31
24.894000000000002,98.75200000000001,Earthquake,33.0,5.9,00:20:39,云南省,1976-06-09,1976,6,9
24.781999999999996,98.698,Earthquake,9.0,6.3,15:10:46,云南省,1976-07-21,1976,7,21
39.57,117.978,Earthquake,23.0,7.5,19:42:55,河北省,1976-07-27,1976,7,27
39.664,118.40100000000001,Earthquake,26.0,7.4,10:45:35,河北省,1976-07-28,1976,7,28
32.751999999999995,104.15700000000001,Earthquake,16.0,6.9,14:06:46,四川省,1976-08-16,1976,8,16
32.571,104.249,Earthquake,33.0,6.4,21:49:54,四川省,1976-08-21,1976,8,21
32.492,104.181,Earthquake,33.0,6.7,03:30:08,四川省,1976-08-23,1976,8,23
29.795,89.559,Earthquake,82.0,5.5,06:43:52,西藏自治区,1976-09-14,1976,9,14
40.028,106.32700000000001,Earthquake,29.0,5.7,20:07:03,内蒙古自治区,1976-09-22,1976,9,22
26.704,125.22,Earthquake,218.0,5.5,19:29:30,中华人民共和国,1976-11-02,1976,11,2
27.605,101.052,Earthquake,33.0,6.5,18:04:09,四川省,1976-11-06,1976,11,6
39.444,117.68799999999999,Earthquake,15.0,6.3,13:53:01,天津市,1976-11-15,1976,11,15
27.395,101.055,Earthquake,17.0,5.9,06:36:58,四川省,1976-12-13,1976,12,13
38.146,91.007,Earthquake,27.0,6.3,21:39:41,青海省,1977-01-01,1977,1,1
21.173000000000002,120.27600000000001,Earthquake,33.0,5.7,19:36:47,中华人民共和国,1977-01-07,1977,1,7
37.022,95.697,Earthquake,33.0,5.9,00:46:18,青海省,1977-01-19,1977,1,19
39.268,117.708,Earthquake,22.0,5.8,11:17:53,天津市,1977-05-12,1977,5,12
24.051,122.214,Earthquake,33.0,5.7,02:12:54,中华人民共和国,1977-07-15,1977,7,15
22.608,121.61399999999999,Earthquake,158.0,5.5,22:39:34,中华人民共和国,1977-10-19,1977,10,19
32.693000000000005,88.38799999999999,Earthquake,33.0,6.5,05:20:11,西藏自治区,1977-11-18,1977,11,18
39.865,77.334,Earthquake,33.0,5.8,16:47:17,新疆维吾尔自治区,1977-12-18,1977,12,18
24.146,122.663,Earthquake,40.0,5.7,00:15:39,中华人民共和国,1978-02-08,1978,2,8
24.072,122.63799999999999,Earthquake,43.0,5.5,20:32:15,中华人民共和国,1978-03-14,1978,3,14
33.033,82.285,Earthquake,27.0,6.0,00:40:29,西藏自治区,1978-04-04,1978,4,4
22.728,121.12299999999999,Earthquake,25.0,5.7,10:26:09,台湾省,1978-04-08,1978,4,8
24.656,122.715,Earthquake,18.0,5.8,19:25:21,中华人民共和国,1978-04-29,1978,4,29
22.281999999999996,121.512,Earthquake,17.0,7.4,14:42:37,中华人民共和国,1978-07-23,1978,7,23
22.241999999999997,121.574,Earthquake,30.0,5.5,11:41:53,中华人民共和国,1978-07-24,1978,7,24
23.51,121.46,Earthquake,22.0,5.5,18:35:03,台湾省,1978-08-09,1978,8,9
24.896,121.985,Earthquake,109.0,6.1,01:57:33,中华人民共和国,1978-09-02,1978,9,2
39.389,74.718,Earthquake,62.0,5.8,14:20:06,新疆维吾尔自治区,1978-10-08,1978,10,8
23.247,122.075,Earthquake,33.0,7.0,11:23:12,中华人民共和国,1978-12-23,1978,12,23
23.156999999999996,101.13799999999999,Earthquake,33.0,6.2,12:52:29,云南省,1979-03-15,1979,3,15
42.004,83.406,Earthquake,33.0,5.9,02:01:33,新疆维吾尔自治区,1979-03-29,1979,3,29
32.152,96.961,Earthquake,33.0,5.8,07:07:23,青海省,1979-03-29,1979,3,29
31.451999999999998,119.241,Earthquake,11.0,5.5,10:57:22,江苏省,1979-07-09,1979,7,9
41.145,108.12899999999999,Earthquake,33.0,5.9,16:59:31,内蒙古自治区,1979-08-24,1979,8,24
22.919,121.448,Earthquake,37.0,5.7,05:25:17,中华人民共和国,1979-12-02,1979,12,2
36.516999999999996,76.892,Earthquake,63.0,6.1,22:09:30,新疆维吾尔自治区,1980-02-13,1980,2,13
30.506,88.583,Earthquake,33.0,6.2,03:02:47,西藏自治区,1980-02-22,1980,2,22
21.956,121.55,Earthquake,71.0,5.8,09:32:20,中华人民共和国,1980-06-18,1980,6,18
35.598,82.073,Earthquake,33.0,5.5,09:32:09,新疆维吾尔自治区,1980-10-07,1980,10,7
24.281,121.913,Earthquake,24.0,5.5,00:08:23,中华人民共和国,1980-10-18,1980,10,18
43.754,86.141,Earthquake,14.0,5.6,01:34:25,新疆维吾尔自治区,1980-11-06,1980,11,6
45.988,90.384,Earthquake,33.0,5.5,22:11:50,新疆维吾尔自治区,1980-12-15,1980,12,15
30.927,101.098,Earthquake,33.0,6.8,21:13:52,四川省,1981-01-23,1981,1,23
24.513,121.939,Earthquake,33.0,5.6,04:51:36,中华人民共和国,1981-01-29,1981,1,29
22.918000000000003,121.448,Earthquake,26.0,5.7,20:09:10,中华人民共和国,1981-02-20,1981,2,20
22.894000000000002,121.45299999999999,Earthquake,23.5,5.9,12:13:45,中华人民共和国,1981-03-02,1981,3,2
34.501,91.444,Earthquake,10.0,6.0,22:08:19,青海省,1981-06-09,1981,6,9
37.281,115.01700000000001,Earthquake,14.0,5.5,18:01:04,河北省,1981-11-08,1981,11,8
23.9,121.70700000000001,Earthquake,17.0,5.9,14:10:40,中华人民共和国,1982-01-23,1982,1,23
31.695999999999998,82.24600000000001,Earthquake,33.0,6.5,17:37:30,西藏自治区,1982-01-23,1982,1,23
31.581999999999997,82.205,Earthquake,33.0,6.0,17:48:02,西藏自治区,1982-01-23,1982,1,23
19.871,120.52600000000001,Earthquake,10.3,6.2,09:20:58,中华人民共和国,1982-04-17,1982,4,17
19.887999999999998,120.51799999999999,Earthquake,2.1,5.8,14:42:14,中华人民共和国,1982-04-19,1982,4,19
31.906999999999996,99.931,Earthquake,10.0,5.6,23:24:29,四川省,1982-06-15,1982,6,15
23.825,121.836,Earthquake,33.0,5.9,20:01:57,中华人民共和国,1982-10-20,1982,10,20
24.595,122.54700000000001,Earthquake,86.9,6.5,02:43:04,中华人民共和国,1982-12-17,1982,12,17
39.945,75.135,Earthquake,16.1,6.2,01:40:11,新疆维吾尔自治区,1983-02-13,1983,2,13
40.025,75.26,Earthquake,33.0,5.6,06:50:33,新疆维吾尔自治区,1983-04-05,1983,4,5
24.647,122.589,Earthquake,116.1,5.7,15:26:40,中华人民共和国,1983-04-26,1983,4,26
24.419,121.56,Earthquake,28.2,5.6,00:15:06,台湾省,1983-05-10,1983,5,10
24.199,122.42200000000001,Earthquake,36.9,6.4,14:48:07,中华人民共和国,1983-06-21,1983,6,21
24.176,122.402,Earthquake,44.1,6.7,09:06:46,中华人民共和国,1983-06-24,1983,6,24
24.031999999999996,122.32700000000001,Earthquake,33.0,5.7,23:11:58,中华人民共和国,1983-09-07,1983,9,7
24.095,122.148,Earthquake,28.2,6.3,19:20:42,中华人民共和国,1983-09-21,1983,9,21
24.013,122.228,Earthquake,32.4,5.8,12:29:23,中华人民共和国,1983-09-23,1983,9,23
41.566,88.766,Nuclear Explosion,33.0,5.5,10:00:03,新疆维吾尔自治区,1983-10-06,1983,10,6
44.229,130.741,Earthquake,557.9,6.1,07:45:27,黑龙江省,1983-10-08,1983,10,8
35.205999999999996,115.213,Earthquake,19.0,5.7,21:09:45,山东省,1983-11-06,1983,11,6
37.966,102.18799999999999,Earthquake,12.3,5.5,23:33:59,甘肃省,1984-01-05,1984,1,5
25.482,122.412,Earthquake,268.7,5.5,04:48:58,中华人民共和国,1984-02-13,1984,2,13
24.105999999999998,122.616,Earthquake,44.0,5.9,09:11:19,中华人民共和国,1984-03-28,1984,3,28
32.621,121.62100000000001,Earthquake,17.5,5.5,15:37:50,中华人民共和国,1984-05-21,1984,5,21
32.688,121.509,Earthquake,18.2,6.0,15:38:59,中华人民共和国,1984-05-21,1984,5,21
24.795,122.04,Earthquake,85.6,5.6,01:07:01,中华人民共和国,1984-12-29,1984,12,29
24.107,122.43299999999999,Earthquake,43.1,5.5,21:51:22,中华人民共和国,1985-01-13,1985,1,13
25.926,102.87100000000001,Earthquake,5.0,5.8,05:52:53,云南省,1985-04-18,1985,4,18
35.527,87.28299999999999,Earthquake,33.0,5.6,13:21:28,西藏自治区,1985-04-21,1985,4,21
35.489000000000004,87.17299999999999,Earthquake,33.0,5.8,15:11:41,西藏自治区,1985-05-20,1985,5,20
24.585,122.07799999999999,Earthquake,27.9,5.9,17:22:52,中华人民共和国,1985-06-12,1985,6,12
29.177,95.176,Earthquake,45.2,5.7,12:13:46,西藏自治区,1985-08-01,1985,8,1
24.394000000000002,121.88600000000001,Earthquake,10.0,5.5,13:00:39,中华人民共和国,1985-08-05,1985,8,5
39.431,75.22399999999999,Earthquake,6.8,7.0,12:41:56,新疆维吾尔自治区,1985-08-23,1985,8,23
39.356,75.407,Earthquake,15.3,6.2,20:45:50,新疆维吾尔自治区,1985-09-11,1985,9,11
24.593000000000004,122.28,Earthquake,18.4,5.5,15:01:24,中华人民共和国,1985-09-20,1985,9,20
24.771,122.01299999999999,Earthquake,12.6,6.0,13:04:31,中华人民共和国,1986-01-16,1986,1,16
24.022,122.249,Earthquake,44.5,5.8,06:23:14,中华人民共和国,1986-02-27,1986,2,27
23.421999999999997,121.565,Earthquake,44.5,5.9,04:45:33,中华人民共和国,1986-03-22,1986,3,22
24.753,122.921,Earthquake,33.0,5.6,10:31:07,中华人民共和国,1986-03-22,1986,3,22
24.680999999999997,122.77799999999999,Earthquake,33.0,5.6,11:19:36,中华人民共和国,1986-03-22,1986,3,22
24.669,122.814,Earthquake,33.0,5.8,12:06:34,中华人民共和国,1986-03-22,1986,3,22
26.743000000000002,125.205,Earthquake,193.5,6.6,01:24:26,中华人民共和国,1986-05-11,1986,5,11
24.125,121.619,Earthquake,19.3,6.2,05:25:47,台湾省,1986-05-20,1986,5,20
24.054000000000002,121.594,Earthquake,31.3,5.5,05:37:31,台湾省,1986-05-20,1986,5,20
31.24,86.84700000000001,Earthquake,33.0,6.1,17:12:47,西藏自治区,1986-06-20,1986,6,20
34.424,80.161,Earthquake,9.1,6.0,19:24:23,西藏自治区,1986-07-06,1986,7,6
24.611,121.78200000000001,Earthquake,33.0,5.5,11:31:50,台湾省,1986-07-30,1986,7,30
22.265,121.647,Earthquake,124.4,5.5,08:05:57,中华人民共和国,1986-08-11,1986,8,11
34.571999999999996,91.633,Earthquake,33.0,6.4,21:23:55,青海省,1986-08-20,1986,8,20
37.724000000000004,101.49600000000001,Earthquake,8.0,6.0,09:43:00,青海省,1986-08-26,1986,8,26
23.901,121.574,Earthquake,33.8,7.4,21:20:11,台湾省,1986-11-14,1986,11,14
23.866,121.711,Earthquake,33.0,6.3,23:04:37,中华人民共和国,1986-11-14,1986,11,14
23.877,121.677,Earthquake,28.0,5.8,07:24:07,中华人民共和国,1986-11-15,1986,11,15
41.964,81.319,Earthquake,16.5,5.7,22:52:47,新疆维吾尔自治区,1987-01-05,1987,1,5
23.976,121.729,Earthquake,38.1,5.7,05:07:48,中华人民共和国,1987-01-06,1987,1,6
41.528999999999996,79.318,Earthquake,28.9,6.2,08:09:21,新疆维吾尔自治区,1987-01-24,1987,1,24
41.412,79.348,Earthquake,33.0,5.5,08:13:14,新疆维吾尔自治区,1987-01-24,1987,1,24
38.102,91.179,Earthquake,25.5,5.8,19:56:36,青海省,1987-02-25,1987,2,25
39.760999999999996,74.57300000000001,Earthquake,8.0,5.7,05:17:37,新疆维吾尔自治区,1987-04-30,1987,4,30
41.583999999999996,88.73700000000001,Nuclear Explosion,0.0,6.2,04:59:58,新疆维吾尔自治区,1987-06-05,1987,6,5
29.502,83.714,Earthquake,47.5,5.6,21:15:00,西藏自治区,1987-08-09,1987,8,9
41.36,89.63799999999999,Earthquake,20.5,5.5,00:16:39,新疆维吾尔自治区,1987-12-22,1987,12,22
23.855,122.477,Earthquake,34.7,5.7,19:15:35,中华人民共和国,1988-02-12,1988,2,12
23.991999999999997,121.647,Earthquake,17.1,5.6,03:05:07,台湾省,1988-04-07,1988,4,7
23.478,121.851,Earthquake,43.9,5.5,20:03:29,中华人民共和国,1988-04-24,1988,4,24
23.901999999999997,121.598,Earthquake,50.8,5.9,23:15:37,台湾省,1988-07-20,1988,7,20
39.674,74.582,Earthquake,33.0,5.5,18:58:48,新疆维吾尔自治区,1988-08-12,1988,8,12
24.704,122.51100000000001,Earthquake,98.3,5.6,18:10:09,中华人民共和国,1988-08-19,1988,8,19
21.855999999999998,121.699,Earthquake,33.0,6.0,12:09:28,中华人民共和国,1988-10-16,1988,10,16
34.354,91.88,Earthquake,7.6,6.2,02:14:30,青海省,1988-11-05,1988,11,5
22.789,99.611,Earthquake,17.8,7.7,13:03:19,云南省,1988-11-06,1988,11,6
23.180999999999997,99.439,Earthquake,10.0,6.4,13:15:43,云南省,1988-11-06,1988,11,6
22.815,99.55799999999999,Earthquake,10.0,5.8,13:21:05,云南省,1988-11-06,1988,11,6
34.333,91.93,Earthquake,24.9,5.6,22:29:40,青海省,1988-11-25,1988,11,25
22.749000000000002,99.852,Earthquake,15.7,5.5,04:17:56,云南省,1988-11-27,1988,11,27
22.773000000000003,99.844,Earthquake,14.5,6.1,08:13:30,云南省,1988-11-30,1988,11,30
29.987,99.195,Earthquake,13.3,6.4,20:34:09,四川省,1989-04-15,1989,4,15
30.048000000000002,99.419,Earthquake,7.7,6.1,02:13:21,四川省,1989-04-25,1989,4,25
30.090999999999998,99.475,Earthquake,14.0,6.2,05:53:01,四川省,1989-05-03,1989,5,3
30.053,99.499,Earthquake,7.5,5.8,15:41:31,四川省,1989-05-03,1989,5,3
23.553,99.52600000000001,Earthquake,33.0,5.6,00:38:19,云南省,1989-05-07,1989,5,7
30.029,99.455,Earthquake,35.7,5.6,03:09:16,四川省,1989-07-21,1989,7,21
23.043000000000003,121.965,Earthquake,10.7,6.6,11:31:20,中华人民共和国,1989-08-03,1989,8,3
24.094,122.478,Earthquake,42.8,6.3,23:12:41,中华人民共和国,1989-08-21,1989,8,21
31.583000000000002,102.43299999999999,Earthquake,14.6,6.1,02:25:51,四川省,1989-09-22,1989,9,22
22.621,121.971,Earthquake,31.3,5.5,17:51:38,中华人民共和国,1989-09-23,1989,9,23
39.985,113.99,Earthquake,10.5,5.6,17:01:35,山西省,1989-10-18,1989,10,18
23.721,114.58,Earthquake,33.0,5.6,16:13:49,广东省,1989-11-25,1989,11,25
28.225,88.163,Earthquake,79.1,5.5,02:29:27,西藏自治区,1990-01-09,1990,1,9
37.819,91.971,Earthquake,12.2,6.0,03:03:19,青海省,1990-01-14,1990,1,14
39.436,74.9,Earthquake,33.0,6.0,01:59:33,新疆维吾尔自治区,1990-04-17,1990,4,17
36.04,100.274,Earthquake,10.0,6.3,09:37:11,青海省,1990-04-26,1990,4,26
35.986,100.245,Earthquake,8.1,6.5,09:37:15,青海省,1990-04-26,1990,4,26
36.239000000000004,100.25399999999999,Earthquake,9.6,6.3,09:37:45,青海省,1990-04-26,1990,4,26
25.372,124.473,Earthquake,132.7,5.6,02:24:42,中华人民共和国,1990-07-04,1990,7,4
24.249000000000002,121.818,Earthquake,18.8,5.7,19:14:52,中华人民共和国,1990-07-16,1990,7,16
41.56399999999999,88.77,Nuclear Explosion,0.0,6.2,04:59:58,新疆维吾尔自治区,1990-08-16,1990,8,16
26.979,101.154,Earthquake,12.3,5.7,13:38:17,云南省,1990-08-18,1990,8,18
22.691999999999997,120.90899999999999,Earthquake,33.0,5.8,14:09:03,台湾省,1990-09-11,1990,9,11
37.093,103.781,Earthquake,11.7,5.7,08:07:28,甘肃省,1990-10-20,1990,10,20
24.090999999999998,121.758,Earthquake,34.3,5.5,23:59:04,中华人民共和国,1990-11-11,1990,11,11
23.916,121.63600000000001,Earthquake,12.1,6.3,03:01:48,中华人民共和国,1990-12-13,1990,12,13
23.721999999999998,121.62700000000001,Earthquake,10.0,6.7,19:50:18,中华人民共和国,1990-12-13,1990,12,13
23.680999999999997,121.625,Earthquake,10.0,5.9,23:18:59,中华人民共和国,1990-12-13,1990,12,13
23.807,121.678,Earthquake,10.0,5.7,23:28:04,中华人民共和国,1990-12-13,1990,12,13
23.701,121.579,Earthquake,10.0,5.6,00:20:25,中华人民共和国,1990-12-19,1990,12,19
23.669,121.60600000000001,Earthquake,10.0,5.5,23:38:36,中华人民共和国,1990-12-19,1990,12,19
23.766,121.59200000000001,Earthquake,17.7,5.9,14:21:53,中华人民共和国,1990-12-25,1990,12,25
40.558,105.79299999999999,Earthquake,16.5,5.6,11:53:37,内蒙古自治区,1991-01-13,1991,1,13
23.691999999999997,121.346,Earthquake,10.6,5.7,01:36:27,台湾省,1991-01-18,1991,1,18
23.747,121.29,Earthquake,8.6,5.5,10:49:57,台湾省,1991-01-18,1991,1,18
40.385999999999996,78.959,Earthquake,20.6,6.0,14:30:28,新疆维吾尔自治区,1991-02-25,1991,2,25
21.704,121.789,Earthquake,17.7,6.3,03:58:23,中华人民共和国,1991-03-26,1991,3,26
21.673000000000002,121.82600000000001,Earthquake,19.4,5.5,06:19:28,中华人民共和国,1991-03-26,1991,3,26
37.44,95.402,Earthquake,10.0,5.5,11:05:50,青海省,1991-09-02,1991,9,2
36.191,100.06299999999999,Earthquake,13.3,5.5,11:16:12,青海省,1991-09-20,1991,9,20
29.61,95.521,Earthquake,15.0,5.6,03:35:15,西藏自治区,1992-02-06,1992,2,6
35.696,80.661,Earthquake,17.7,5.7,07:47:48,新疆维吾尔自治区,1992-04-05,1992,4,5
23.861,121.594,Earthquake,15.5,6.2,18:32:19,台湾省,1992-04-19,1992,4,19
41.604,88.81299999999999,Nuclear Explosion,0.0,6.5,04:59:58,新疆维吾尔自治区,1992-05-21,1992,5,21
23.105,121.40899999999999,Earthquake,16.9,5.6,23:19:35,台湾省,1992-05-28,1992,5,28
29.584,90.163,Earthquake,14.1,6.1,08:24:47,西藏自治区,1992-07-30,1992,7,30
24.666999999999998,122.28200000000001,Earthquake,18.9,5.6,21:29:18,中华人民共和国,1992-08-06,1992,8,6
23.749000000000002,121.685,Earthquake,54.4,5.9,16:41:13,中华人民共和国,1992-09-01,1992,9,1
21.389,117.771,Earthquake,16.8,5.5,13:16:29,中华人民共和国,1992-09-14,1992,9,14
24.121,122.648,Earthquake,29.6,6.4,14:06:03,中华人民共和国,1992-09-28,1992,9,28
30.837,90.37299999999999,Earthquake,33.0,5.9,12:42:08,西藏自治区,1993-01-18,1993,1,18
24.114,121.709,Earthquake,28.7,5.7,08:59:25,中华人民共和国,1993-01-23,1993,1,23
23.026999999999997,101.06200000000001,Earthquake,33.0,5.6,20:32:07,云南省,1993-01-26,1993,1,26
42.218999999999994,86.132,Earthquake,33.1,5.7,16:05:14,新疆维吾尔自治区,1993-02-02,1993,2,2
29.084,87.333,Earthquake,12.2,6.2,14:52:00,西藏自治区,1993-03-20,1993,3,20
38.19,88.663,Earthquake,14.1,6.1,08:42:33,新疆维吾尔自治区,1993-10-02,1993,10,2
38.169000000000004,88.605,Earthquake,13.6,5.8,09:43:20,新疆维吾尔自治区,1993-10-02,1993,10,2
38.171,88.69,Earthquake,14.3,5.6,17:23:33,新疆维吾尔自治区,1993-10-02,1993,10,2
41.667,88.695,Nuclear Explosion,0.0,5.9,01:59:57,新疆维吾尔自治区,1993-10-05,1993,10,5
38.477,98.655,Earthquake,8.1,5.9,11:38:22,青海省,1993-10-26,1993,10,26
39.263000000000005,75.533,Earthquake,18.2,5.6,20:37:13,新疆维吾尔自治区,1993-11-30,1993,11,30
20.912,121.28200000000001,Earthquake,12.0,6.1,08:59:36,中华人民共和国,1993-12-10,1993,12,10
36.028,100.104,Earthquake,8.2,5.7,05:52:28,青海省,1994-01-03,1994,1,3
39.247,75.493,Earthquake,27.5,5.5,10:22:51,新疆维吾尔自治区,1994-01-12,1994,1,12
23.976,121.811,Earthquake,36.4,5.5,05:50:11,中华人民共和国,1994-01-20,1994,1,20
36.104,100.164,Earthquake,19.7,5.6,21:09:40,青海省,1994-02-15,1994,2,15
24.054000000000002,122.367,Earthquake,38.0,5.6,11:28:03,中华人民共和国,1994-03-17,1994,3,17
20.999000000000002,120.322,Earthquake,32.2,5.5,04:06:09,中华人民共和国,1994-05-10,1994,5,10
24.166,122.535,Earthquake,19.8,6.2,05:36:02,中华人民共和国,1994-05-23,1994,5,23
24.028000000000002,122.52600000000001,Earthquake,33.0,5.6,06:24:55,中华人民共和国,1994-05-23,1994,5,23
24.065,122.56,Earthquake,25.5,5.9,15:16:57,中华人民共和国,1994-05-23,1994,5,23
23.959,122.448,Earthquake,16.3,6.6,04:00:42,中华人民共和国,1994-05-24,1994,5,24
23.903000000000002,122.54299999999999,Earthquake,37.1,5.5,05:48:14,中华人民共和国,1994-05-24,1994,5,24
24.511,121.905,Earthquake,11.4,6.4,01:09:30,中华人民共和国,1994-06-05,1994,6,5
41.527,88.71,Nuclear Explosion,0.0,5.8,06:25:58,新疆维吾尔自治区,1994-06-10,1994,6,10
32.567,93.67299999999999,Earthquake,9.5,5.9,18:22:34,西藏自治区,1994-06-29,1994,6,29
34.245,91.814,Earthquake,33.0,5.5,21:08:47,青海省,1994-08-24,1994,8,24
22.528000000000002,118.711,Earthquake,13.1,6.8,06:20:19,中华人民共和国,1994-09-16,1994,9,16
23.101,121.479,Earthquake,69.7,5.5,01:13:27,中华人民共和国,1994-10-05,1994,10,5
41.662,88.75299999999999,Nuclear Explosion,0.0,6.0,03:25:58,新疆维吾尔自治区,1994-10-07,1994,10,7
24.759,122.208,Earthquake,33.0,5.6,23:51:12,中华人民共和国,1994-10-28,1994,10,28
35.655,80.663,Earthquake,33.0,5.5,16:01:18,新疆维吾尔自治区,1994-12-29,1994,12,29
20.205,109.15299999999999,Earthquake,33.0,5.5,10:09:51,中华人民共和国,1995-01-10,1995,1,10
27.635,92.37100000000001,Earthquake,39.3,5.5,02:44:25,西藏自治区,1995-02-17,1995,2,17
24.136999999999997,121.61399999999999,Earthquake,40.9,6.2,05:19:02,台湾省,1995-02-23,1995,2,23
24.066,122.289,Earthquake,33.0,5.7,11:54:44,中华人民共和国,1995-04-03,1995,4,3
43.776,84.66,Earthquake,33.0,5.5,11:48:12,新疆维吾尔自治区,1995-05-02,1995,5,2
41.603,88.82,Nuclear Explosion,0.0,6.1,04:05:58,新疆维吾尔自治区,1995-05-15,1995,5,15
23.013,121.434,Earthquake,28.5,5.7,18:11:12,中华人民共和国,1995-05-27,1995,5,27
24.6,121.7,Earthquake,52.4,6.0,06:59:06,台湾省,1995-06-25,1995,6,25
36.427,103.12299999999999,Earthquake,12.8,5.6,22:44:05,甘肃省,1995-07-21,1995,7,21
41.559,88.8,Nuclear Explosion,0.0,6.0,00:59:58,新疆维吾尔自治区,1995-08-17,1995,8,17
26.003,102.227,Earthquake,10.0,6.2,22:46:51,云南省,1995-10-23,1995,10,23
34.510999999999996,97.351,Earthquake,33.0,5.7,04:57:05,青海省,1995-12-18,1995,12,18
27.291,100.27600000000001,Earthquake,11.1,6.6,11:14:20,云南省,1996-02-03,1996,2,3
27.041,100.29899999999999,Earthquake,10.0,5.6,16:58:06,云南省,1996-02-04,1996,2,4
27.191,100.28399999999999,Earthquake,10.0,5.5,07:36:14,云南省,1996-02-06,1996,2,6
24.092,122.215,Earthquake,29.5,6.3,14:52:29,中华人民共和国,1996-03-05,1996,3,5
24.033,122.241,Earthquake,33.0,5.9,17:32:10,中华人民共和国,1996-03-05,1996,3,5
48.442,88.14299999999999,Earthquake,16.5,5.6,18:43:43,新疆维吾尔自治区,1996-03-12,1996,3,12
39.993,76.696,Earthquake,28.2,6.3,15:00:26,新疆维吾尔自治区,1996-03-19,1996,3,19
24.141,122.195,Earthquake,33.0,5.8,03:28:57,中华人民共和国,1996-03-29,1996,3,29
40.774,109.661,Earthquake,26.0,6.0,03:32:47,内蒙古自治区,1996-05-03,1996,5,3
41.657,88.69,Nuclear Explosion,0.0,5.9,02:55:58,新疆维吾尔自治区,1996-06-08,1996,6,8
24.968000000000004,123.29899999999999,Earthquake,33.0,5.6,08:53:48,中华人民共和国,1996-06-09,1996,6,9
30.147,88.189,Earthquake,33.0,5.7,06:44:46,西藏自治区,1996-07-03,1996,7,3
24.601999999999997,122.28200000000001,Earthquake,74.3,5.5,20:20:53,中华人民共和国,1996-07-29,1996,7,29
30.174,88.178,Earthquake,33.0,5.5,08:00:28,西藏自治区,1996-07-31,1996,7,31
24.041,122.598,Earthquake,45.7,5.7,06:23:09,中华人民共和国,1996-08-10,1996,8,10
21.898000000000003,121.49799999999999,Earthquake,20.0,6.8,23:42:06,中华人民共和国,1996-09-05,1996,9,5
24.941,123.478,Earthquake,25.1,5.6,00:27:52,中华人民共和国,1996-09-24,1996,9,24
27.221999999999998,100.37299999999999,Earthquake,33.0,5.5,19:24:50,云南省,1996-09-24,1996,9,24
31.612,123.291,Earthquake,33.0,5.6,13:56:09,中华人民共和国,1996-11-09,1996,11,9
35.345,78.133,Earthquake,33.0,6.9,10:44:46,新疆维吾尔自治区,1996-11-19,1996,11,19
39.604,96.675,Earthquake,33.0,5.8,18:09:19,甘肃省,1996-11-20,1996,11,20
39.474000000000004,76.998,Earthquake,33.0,5.9,01:48:30,新疆维吾尔自治区,1997-01-21,1997,1,21
35.687,95.819,Earthquake,10.0,5.5,11:28:15,青海省,1997-02-09,1997,2,9
39.422,76.839,Earthquake,22.4,5.6,06:04:14,新疆维吾尔自治区,1997-03-01,1997,3,1
39.513000000000005,76.865,Earthquake,33.0,5.9,23:46:20,新疆维吾尔自治区,1997-04-05,1997,4,5
39.537,76.998,Earthquake,33.0,6.0,04:36:35,新疆维吾尔自治区,1997-04-06,1997,4,6
39.527,76.941,Earthquake,15.0,6.2,05:34:43,新疆维吾尔自治区,1997-04-11,1997,4,11
39.634,76.992,Earthquake,23.3,5.8,18:19:10,新疆维吾尔自治区,1997-04-15,1997,4,15
24.711,122.448,Earthquake,102.5,5.6,11:05:31,中华人民共和国,1997-07-15,1997,7,15
25.028000000000002,122.45100000000001,Earthquake,143.0,5.5,18:24:24,中华人民共和国,1997-10-11,1997,10,11
29.078000000000003,85.383,Earthquake,33.0,5.5,02:29:52,西藏自治区,1997-11-03,1997,11,3
35.069,87.325,Earthquake,33.0,7.5,10:02:53,西藏自治区,1997-11-08,1997,11,8
41.083,114.5,Earthquake,30.3,5.7,03:50:42,河北省,1998-01-10,1998,1,10
39.977,76.73100000000001,Earthquake,33.0,5.6,13:51:34,新疆维吾尔自治区,1998-03-19,1998,3,19
37.388000000000005,78.843,Earthquake,33.0,5.6,21:11:44,新疆维吾尔自治区,1998-05-28,1998,5,28
23.406999999999996,120.736,Earthquake,12.6,5.7,04:51:15,台湾省,1998-07-17,1998,7,17
30.134,88.17299999999999,Earthquake,33.2,5.8,01:05:58,西藏自治区,1998-07-20,1998,7,20
39.573,76.999,Earthquake,68.7,5.6,04:40:46,新疆维吾尔自治区,1998-08-02,1998,8,2
30.079,88.109,Earthquake,33.0,5.9,07:41:40,西藏自治区,1998-08-25,1998,8,25
39.66,77.343,Earthquake,33.0,6.4,09:03:37,新疆维吾尔自治区,1998-08-27,1998,8,27
27.308000000000003,101.029,Earthquake,33.0,5.6,11:38:15,四川省,1998-11-19,1998,11,19
41.674,88.463,Earthquake,23.3,5.5,03:51:05,新疆维吾尔自治区,1999-01-30,1999,1,30
24.115,122.646,Earthquake,42.7,5.9,13:49:01,中华人民共和国,1999-02-22,1999,2,22
41.891000000000005,82.69200000000001,Earthquake,10.0,5.5,10:42:55,新疆维吾尔自治区,1999-03-15,1999,3,15
43.607,130.35,Earthquake,565.7,7.1,13:10:34,吉林省,1999-04-08,1999,4,8
23.772,120.98200000000001,Earthquake,33.0,7.7,17:47:18,台湾省,1999-09-20,1999,9,20
23.601999999999997,120.96600000000001,Earthquake,25.0,6.3,17:47:32,台湾省,1999-09-20,1999,9,20
23.785,121.20200000000001,Earthquake,33.0,6.1,17:57:16,台湾省,1999-09-20,1999,9,20
23.57,121.29899999999999,Earthquake,33.0,6.3,18:03:44,台湾省,1999-09-20,1999,9,20
23.746,121.189,Earthquake,33.0,6.1,18:11:54,台湾省,1999-09-20,1999,9,20
23.756,121.24600000000001,Earthquake,33.0,6.2,18:16:19,台湾省,1999-09-20,1999,9,20
23.39,120.964,Earthquake,33.0,6.4,21:46:43,台湾省,1999-09-20,1999,9,20
23.729,121.167,Earthquake,26.0,6.4,00:14:39,台湾省,1999-09-22,1999,9,22
23.642,121.13600000000001,Earthquake,33.0,5.8,00:49:43,台湾省,1999-09-22,1999,9,22
23.738000000000003,121.15799999999999,Earthquake,17.0,6.5,23:52:49,台湾省,1999-09-25,1999,9,25
23.445,120.506,Earthquake,33.0,5.9,02:18:59,台湾省,1999-10-22,1999,10,22
23.433000000000003,120.508,Earthquake,33.0,5.6,03:10:19,台湾省,1999-10-22,1999,10,22
23.378,121.52,Earthquake,33.0,6.3,17:53:00,中华人民共和国,1999-11-01,1999,11,1
32.222,92.7,Earthquake,33.0,5.5,09:45:19,西藏自治区,2000-01-05,2000,1,5
25.590999999999998,101.164,Earthquake,33.0,5.5,22:09:05,云南省,2000-01-14,2000,1,14
25.607,101.06299999999999,Earthquake,33.0,5.9,23:37:08,云南省,2000-01-14,2000,1,14
26.076,124.49600000000001,Earthquake,193.9,6.0,16:39:24,中华人民共和国,2000-01-28,2000,1,28
37.012,103.791,Earthquake,10.0,5.6,10:59:10,甘肃省,2000-06-06,2000,6,6
23.843000000000004,121.225,Earthquake,33.0,6.4,18:23:29,台湾省,2000-06-10,2000,6,10
23.359,120.915,Earthquake,33.0,5.7,20:28:13,台湾省,2000-07-28,2000,7,28
24.008000000000003,121.52600000000001,Earthquake,34.8,5.8,08:54:46,台湾省,2000-09-10,2000,9,10
35.389,99.34299999999999,Earthquake,10.0,6.1,00:27:59,青海省,2000-09-12,2000,9,12
29.513,101.12899999999999,Earthquake,33.0,5.6,00:09:24,四川省,2001-02-23,2001,2,23
34.369,86.902,Earthquake,33.0,5.9,15:50:07,西藏自治区,2001-03-05,2001,3,5
24.768,99.061,Earthquake,10.0,5.6,10:47:00,云南省,2001-04-12,2001,4,12
27.689,101.00299999999999,Earthquake,33.0,5.5,21:10:44,四川省,2001-05-23,2001,5,23
24.463,122.397,Earthquake,77.5,5.6,13:17:55,中华人民共和国,2001-06-13,2001,6,13
24.513,122.03299999999999,Earthquake,32.1,5.9,02:35:26,中华人民共和国,2001-06-14,2001,6,14
33.165,95.6,Earthquake,33.0,5.5,16:02:52,青海省,2001-07-25,2001,7,25
26.316,100.648,Earthquake,10.0,5.6,05:35:40,云南省,2001-10-27,2001,10,27
35.946,90.541,Earthquake,10.0,7.8,09:26:10,青海省,2001-11-14,2001,11,14
35.726,93.384,Earthquake,10.0,5.6,09:45:15,青海省,2001-11-14,2001,11,14
35.726,93.691,Earthquake,10.0,5.6,21:59:53,青海省,2001-11-18,2001,11,18
23.715999999999998,121.56,Earthquake,54.8,5.7,03:27:26,台湾省,2002-02-12,2002,2,12
24.279,122.179,Earthquake,32.8,7.1,06:52:50,中华人民共和国,2002-03-31,2002,3,31
24.636,121.92200000000001,Earthquake,10.0,6.2,03:46:06,中华人民共和国,2002-05-15,2002,5,15
24.069000000000003,122.264,Earthquake,33.0,6.1,16:45:17,中华人民共和国,2002-05-28,2002,5,28
30.595,81.44,Earthquake,33.0,5.6,14:36:06,西藏自治区,2002-06-04,2002,6,4
43.751999999999995,130.666,Earthquake,566.0,7.3,17:19:30,黑龙江省,2002-06-28,2002,6,28
34.132,94.495,Earthquake,33.0,5.6,06:54:43,青海省,2002-06-29,2002,6,29
24.075,122.288,Earthquake,43.8,5.8,07:36:26,中华人民共和国,2002-07-11,2002,7,11
22.115,121.57700000000001,Earthquake,33.0,5.6,17:05:34,中华人民共和国,2002-08-28,2002,8,28
24.055999999999997,122.272,Earthquake,39.5,5.5,05:56:24,中华人民共和国,2002-09-01,2002,9,1
44.833,129.923,Earthquake,586.3,6.4,08:39:33,黑龙江省,2002-09-15,2002,9,15
25.154,122.27,Earthquake,182.6,5.5,00:03:30,中华人民共和国,2002-09-16,2002,9,16
15.095999999999998,118.50399999999999,Earthquake,33.0,6.1,23:43:13,中华人民共和国,2002-10-12,2002,10,12
39.736,97.443,Earthquake,22.0,5.6,13:27:29,甘肃省,2002-12-14,2002,12,14
39.57,75.25399999999999,Earthquake,10.0,5.7,12:57:03,新疆维吾尔自治区,2002-12-25,2002,12,25
39.61,77.23,Earthquake,11.0,6.3,02:03:41,新疆维吾尔自治区,2003-02-24,2003,2,24
39.361999999999995,77.426,Earthquake,10.0,5.7,04:47:51,新疆维吾尔自治区,2003-03-12,2003,3,12
37.529,96.476,Earthquake,14.0,6.4,00:48:39,青海省,2003-04-17,2003,4,17
39.43,77.219,Earthquake,10.0,5.8,15:44:36,新疆维吾尔自治区,2003-05-04,2003,5,4
24.413,122.02,Earthquake,48.1,5.8,01:52:51,中华人民共和国,2003-06-09,2003,6,9
23.52,121.62799999999999,Earthquake,44.5,6.0,08:40:31,中华人民共和国,2003-06-10,2003,6,10
23.531999999999996,121.60700000000001,Earthquake,57.8,5.5,18:33:40,中华人民共和国,2003-06-16,2003,6,16
34.606,89.475,Earthquake,17.7,5.8,06:55:43,西藏自治区,2003-07-07,2003,7,7
25.975,101.29,Earthquake,10.0,6.0,15:16:32,云南省,2003-07-21,2003,7,21
29.573,95.605,Earthquake,33.0,5.5,09:03:04,西藏自治区,2003-08-18,2003,8,18
38.599000000000004,75.325,Earthquake,10.0,5.7,23:16:35,新疆维吾尔自治区,2003-09-01,2003,9,1
25.954,101.25399999999999,Earthquake,33.0,5.6,12:28:09,云南省,2003-10-16,2003,10,16
38.4,100.95100000000001,Earthquake,10.0,5.8,12:41:35,甘肃省,2003-10-25,2003,10,25
38.383,100.975,Earthquake,10.0,5.8,12:47:59,甘肃省,2003-10-25,2003,10,25
27.372,103.971,Earthquake,33.0,5.6,18:49:47,贵州省,2003-11-14,2003,11,14
23.039,121.36200000000001,Earthquake,10.0,6.8,04:38:12,中华人民共和国,2003-12-10,2003,12,10
22.719,121.523,Earthquake,10.0,5.5,00:01:46,中华人民共和国,2003-12-11,2003,12,11
31.639,91.236,Earthquake,11.0,5.6,13:29:46,西藏自治区,2004-03-07,2004,3,7
45.382,118.256,Earthquake,18.8,5.5,01:53:49,内蒙古自治区,2004-03-24,2004,3,24
33.954,89.179,Earthquake,8.0,6.0,18:47:29,西藏自治区,2004-03-27,2004,3,27
37.506,96.758,Earthquake,13.5,5.5,05:04:58,青海省,2004-05-04,2004,5,4
21.949,121.604,Earthquake,26.4,5.6,08:02:54,中华人民共和国,2004-05-08,2004,5,8
37.485,96.604,Earthquake,10.0,5.6,23:27:25,青海省,2004-05-10,2004,5,10
23.095,121.814,Earthquake,34.5,5.6,06:04:13,中华人民共和国,2004-05-16,2004,5,16
22.662,121.505,Earthquake,20.0,6.2,07:04:12,台湾省,2004-05-19,2004,5,19
30.694000000000003,83.67200000000001,Earthquake,13.0,6.2,23:08:44,西藏自治区,2004-07-11,2004,7,11
32.542,92.19,Earthquake,10.0,5.5,10:05:34,西藏自治区,2004-08-24,2004,8,24
24.53,122.694,Earthquake,94.0,6.7,04:08:50,中华人民共和国,2004-10-15,2004,10,15
31.024,81.154,Earthquake,10.1,5.6,02:11:33,西藏自治区,2004-10-26,2004,10,26
24.104,122.542,Earthquake,29.0,6.3,15:55:01,中华人民共和国,2004-11-08,2004,11,8
24.41,122.226,Earthquake,49.9,5.7,02:16:45,中华人民共和国,2004-11-11,2004,11,11
41.728,79.44,Earthquake,22.0,6.1,23:38:09,新疆维吾尔自治区,2005-02-14,2005,2,14
24.636999999999997,121.935,Earthquake,3.5,5.7,19:06:51,中华人民共和国,2005-03-05,2005,3,5
24.721999999999998,121.91799999999999,Earthquake,10.0,5.7,19:08:02,中华人民共和国,2005-03-05,2005,3,5
30.491,83.662,Earthquake,11.0,6.3,20:04:41,西藏自治区,2005-04-07,2005,4,7
28.881,94.626,Earthquake,25.8,5.8,20:06:41,西藏自治区,2005-06-01,2005,6,1
24.084,122.191,Earthquake,32.0,5.8,01:16:02,中华人民共和国,2005-09-06,2005,9,6
25.309,123.351,Earthquake,192.0,6.4,15:51:08,中华人民共和国,2005-10-15,2005,10,15
22.868000000000002,121.27799999999999,Earthquake,9.0,6.1,10:02:20,中华人民共和国,2006-04-01,2006,4,1
35.314,89.669,Earthquake,10.0,5.6,09:27:40,青海省,2006-04-14,2006,4,14
22.802,121.36200000000001,Earthquake,18.0,5.9,22:40:54,中华人民共和国,2006-04-15,2006,4,15
31.607,90.413,Earthquake,33.1,5.7,21:05:43,西藏自治区,2006-04-19,2006,4,19
32.974000000000004,96.208,Earthquake,15.7,5.5,09:53:07,青海省,2006-07-19,2006,7,19
24.183000000000003,122.52600000000001,Earthquake,33.0,5.9,07:40:12,中华人民共和国,2006-07-28,2006,7,28
35.472,78.225,Earthquake,14.9,5.5,18:12:22,新疆维吾尔自治区,2006-09-11,2006,9,11
20.654,120.023,Earthquake,14.0,6.3,10:01:47,中华人民共和国,2006-10-09,2006,10,9
20.706999999999997,119.98100000000001,Earthquake,10.0,5.9,11:08:28,中华人民共和国,2006-10-09,2006,10,9
20.712,120.084,Earthquake,10.0,5.7,06:43:54,中华人民共和国,2006-10-11,2006,10,11
24.148000000000003,122.62700000000001,Earthquake,35.0,5.7,14:46:30,中华人民共和国,2006-10-12,2006,10,12
21.799,120.54700000000001,Earthquake,10.0,7.1,12:26:21,中华人民共和国,2006-12-26,2006,12,26
21.974,120.493,Earthquake,10.0,6.9,12:34:14,中华人民共和国,2006-12-26,2006,12,26
21.636,120.852,Earthquake,10.0,5.5,12:40:22,中华人民共和国,2006-12-26,2006,12,26
21.999000000000002,120.48200000000001,Earthquake,10.0,5.6,02:30:37,中华人民共和国,2006-12-27,2006,12,27
22.564,121.926,Earthquake,36.2,6.0,10:59:18,中华人民共和国,2007-01-25,2007,1,25
34.248000000000005,81.96700000000001,Earthquake,9.0,6.1,08:51:39,西藏自治区,2007-05-05,2007,5,5
31.355,97.787,Earthquake,12.1,5.5,11:59:48,西藏自治区,2007-05-07,2007,5,7
23.028000000000002,101.052,Earthquake,5.0,6.1,21:34:58,云南省,2007-06-02,2007,6,2
42.913000000000004,82.37799999999999,Earthquake,10.0,5.6,10:06:52,新疆维吾尔自治区,2007-07-20,2007,7,20
24.34,122.219,Earthquake,53.0,6.2,17:51:26,中华人民共和国,2007-09-06,2007,9,6
32.288000000000004,85.166,Earthquake,10.0,6.4,08:26:45,西藏自治区,2008-01-09,2008,1,9
32.330999999999996,85.15799999999999,Earthquake,9.0,5.9,11:54:44,西藏自治区,2008-01-16,2008,1,16
32.349000000000004,85.262,Earthquake,5.4,5.5,18:43:33,西藏自治区,2008-01-22,2008,1,22
35.49,81.467,Earthquake,10.0,7.2,22:32:58,新疆维吾尔自治区,2008-03-20,2008,3,20
35.513000000000005,81.433,Earthquake,10.0,5.6,23:12:01,新疆维吾尔自治区,2008-03-20,2008,3,20
22.881,121.619,Earthquake,10.0,6.0,18:28:42,中华人民共和国,2008-04-23,2008,4,23
24.044,122.575,Earthquake,16.5,5.6,19:41:59,中华人民共和国,2008-05-10,2008,5,10
31.002,103.322,Earthquake,19.0,7.9,06:28:02,四川省,2008-05-12,2008,5,12
31.586,104.03200000000001,Earthquake,10.0,5.7,06:41:56,四川省,2008-05-12,2008,5,12
31.342,104.682,Earthquake,10.0,5.7,06:42:09,四川省,2008-05-12,2008,5,12
31.211,103.715,Earthquake,10.0,5.8,06:43:14,四川省,2008-05-12,2008,5,12
31.526999999999997,104.09200000000001,Earthquake,10.0,5.5,09:42:25,四川省,2008-05-12,2008,5,12
31.214000000000002,103.618,Earthquake,10.0,6.1,11:11:02,四川省,2008-05-12,2008,5,12
31.413,103.889,Earthquake,21.7,5.6,20:08:50,四川省,2008-05-12,2008,5,12
30.89,103.194,Earthquake,9.0,5.8,07:07:08,四川省,2008-05-13,2008,5,13
31.355,103.351,Earthquake,3.0,5.6,05:25:47,四川省,2008-05-16,2008,5,16
32.24,104.98200000000001,Earthquake,9.0,5.8,17:08:25,四川省,2008-05-17,2008,5,17
32.56,105.42299999999999,Earthquake,18.0,6.1,08:21:50,四川省,2008-05-25,2008,5,25
32.71,105.54,Earthquake,10.0,5.7,08:37:52,四川省,2008-05-27,2008,5,27
35.658,88.307,Earthquake,10.0,5.5,12:47:27,西藏自治区,2008-06-29,2008,6,29
21.023000000000003,121.132,Earthquake,6.0,5.5,21:35:06,中华人民共和国,2008-07-11,2008,7,11
21.014,121.149,Earthquake,14.0,6.2,14:58:33,中华人民共和国,2008-07-13,2008,7,13
32.751999999999995,105.49799999999999,Earthquake,4.0,5.5,19:54:44,四川省,2008-07-23,2008,7,23
32.747,105.542,Earthquake,10.0,5.7,07:09:30,四川省,2008-07-24,2008,7,24
32.033,104.72200000000001,Earthquake,11.0,5.7,08:32:44,四川省,2008-08-01,2008,8,1
32.756,105.494,Earthquake,6.0,6.0,09:49:17,四川省,2008-08-05,2008,8,5
30.901,83.52,Earthquake,12.0,6.7,13:21:59,西藏自治区,2008-08-25,2008,8,25
26.241,101.889,Earthquake,11.0,6.0,08:30:53,四川省,2008-08-30,2008,8,30
26.232,101.97,Earthquake,10.0,5.6,08:31:11,四川省,2008-08-31,2008,8,31
24.666,122.57,Earthquake,101.8,5.5,07:43:13,中华人民共和国,2008-09-09,2008,9,9
30.836,83.48700000000001,Earthquake,4.0,6.0,01:47:11,西藏自治区,2008-09-25,2008,9,25
39.359,73.663,Earthquake,35.0,5.9,15:55:24,新疆维吾尔自治区,2008-10-05,2008,10,5
39.508,73.888,Earthquake,35.0,5.6,16:11:10,新疆维吾尔自治区,2008-10-05,2008,10,5
29.807,90.35,Earthquake,12.0,6.3,08:30:46,西藏自治区,2008-10-06,2008,10,6
29.756999999999998,90.32799999999999,Earthquake,9.0,5.5,14:07:16,西藏自治区,2008-10-08,2008,10,8
37.565,95.833,Earthquake,19.0,6.3,01:22:03,青海省,2008-11-10,2008,11,10
25.631999999999998,101.095,Earthquake,7.0,5.7,11:19:16,云南省,2009-07-09,2009,7,9
24.055999999999997,122.20100000000001,Earthquake,17.0,6.3,18:05:01,中华人民共和国,2009-07-13,2009,7,13
31.158,85.902,Earthquake,13.4,5.8,03:11:57,西藏自治区,2009-07-24,2009,7,24
37.696,95.71799999999999,Earthquake,13.0,6.3,01:52:07,青海省,2009-08-28,2009,8,28
37.646,95.709,Earthquake,4.0,5.6,02:14:56,青海省,2009-08-28,2009,8,28
37.679,95.76700000000001,Earthquake,16.4,5.6,02:16:08,青海省,2009-08-28,2009,8,28
37.606,95.831,Earthquake,6.0,5.8,10:15:30,青海省,2009-08-31,2009,8,31
23.63,121.45200000000001,Earthquake,28.0,6.1,17:36:06,台湾省,2009-10-03,2009,10,3
23.730999999999998,120.744,Earthquake,18.0,5.6,09:32:57,台湾省,2009-11-05,2009,11,5
29.49,86.008,Earthquake,5.7,5.5,20:08:46,西藏自治区,2009-11-07,2009,11,7
23.796,121.605,Earthquake,43.0,6.4,13:02:16,中华人民共和国,2009-12-19,2009,12,19
22.918000000000003,120.795,Earthquake,21.0,6.3,00:18:51,台湾省,2010-03-04,2010,3,4
32.509,92.708,Earthquake,7.0,5.7,02:06:11,西藏自治区,2010-03-24,2010,3,24
33.165,96.54799999999999,Earthquake,17.0,6.9,23:49:38,青海省,2010-04-13,2010,4,13
33.195,96.449,Earthquake,7.6,6.1,01:25:16,青海省,2010-04-14,2010,4,14
33.165,96.07,Earthquake,7.0,5.8,02:29:49,青海省,2010-05-29,2010,5,29
33.335,96.15,Earthquake,24.2,5.5,05:35:45,青海省,2010-06-03,2010,6,3
23.826999999999998,121.65799999999999,Earthquake,47.0,5.6,12:31:45,中华人民共和国,2010-11-21,2010,11,21
24.726999999999997,97.95700000000001,Earthquake,10.0,5.5,04:58:14,云南省,2011-03-10,2011,3,10
25.435,123.897,Earthquake,131.0,5.7,01:11:10,中华人民共和国,2011-04-16,2011,4,16
43.292,130.938,Earthquake,544.6,5.7,15:26:05,吉林省,2011-05-10,2011,5,10
39.955,77.028,Earthquake,10.0,5.6,10:06:29,新疆维吾尔自治区,2011-08-11,2011,8,11
25.372,122.866,Earthquake,224.2,5.7,03:23:46,中华人民共和国,2011-10-30,2011,10,30
43.648,82.43700000000001,Earthquake,28.0,5.6,00:21:28,新疆维吾尔自治区,2011-11-01,2011,11,1
15.455,118.999,Earthquake,9.0,6.0,00:27:07,中华人民共和国,2011-11-30,2011,11,30
22.660999999999998,120.891,Earthquake,28.0,5.9,02:35:01,台湾省,2012-02-26,2012,2,26
39.383,81.307,Earthquake,38.0,5.9,22:50:08,新疆维吾尔自治区,2012-03-08,2012,3,8
22.357,121.428,Earthquake,24.3,5.5,01:08:36,中华人民共和国,2012-06-06,2012,6,6
24.572,122.24799999999999,Earthquake,70.0,5.9,21:00:18,中华人民共和国,2012-06-09,2012,6,9
27.767,100.781,Earthquake,10.0,5.5,07:59:35,四川省,2012-06-24,2012,6,24
43.433,84.7,Earthquake,18.0,6.3,21:07:34,新疆维吾尔自治区,2012-06-29,2012,6,29
35.661,82.51799999999999,Earthquake,13.0,6.2,10:47:06,西藏自治区,2012-08-12,2012,8,12
27.575,103.98299999999999,Earthquake,10.0,5.5,03:19:43,云南省,2012-09-07,2012,9,7
24.31,121.49,Earthquake,15.2,5.5,03:36:46,台湾省,2013-03-07,2013,3,7
23.828000000000003,121.215,Earthquake,19.0,5.9,02:03:20,台湾省,2013-03-27,2013,3,27
24.924,123.35600000000001,Earthquake,10.0,5.5,14:08:35,中华人民共和国,2013-04-18,2013,4,18
30.308000000000003,102.88799999999999,Earthquake,14.0,6.6,00:02:48,四川省,2013-04-20,2013,4,20
23.789,121.141,Earthquake,17.0,6.2,05:43:03,台湾省,2013-06-02,2013,6,2
24.098000000000003,122.671,Earthquake,33.0,5.8,16:38:03,中华人民共和国,2013-06-07,2013,6,7
24.09,122.23200000000001,Earthquake,15.0,5.7,23:51:50,中华人民共和国,2013-06-28,2013,6,28
34.512,104.262,Earthquake,8.0,5.9,23:45:57,甘肃省,2013-07-21,2013,7,21
30.0464,97.9565,Earthquake,6.0,5.7,21:23:41,西藏自治区,2013-08-11,2013,8,11
28.2425,99.3502,Earthquake,8.0,5.6,00:04:18,四川省,2013-08-31,2013,8,31
23.5904,121.4366,Earthquake,10.0,6.3,12:02:09,台湾省,2013-10-31,2013,10,31
35.9053,82.5864,Earthquake,10.0,6.9,09:19:49,新疆维吾尔自治区,2014-02-12,2014,2,12
35.8221,82.4667,Earthquake,10.0,5.7,09:24:43,新疆维吾尔自治区,2014-02-12,2014,2,12
24.109,122.2613,Earthquake,20.0,5.8,12:19:26,中华人民共和国,2014-03-19,2014,3,19
23.7553,121.5005,Earthquake,13.0,5.6,00:21:13,台湾省,2014-05-21,2014,5,21
24.9737,97.8437,Earthquake,8.0,5.8,20:49:22,云南省,2014-05-23,2014,5,23
24.9997,97.845,Earthquake,10.0,5.9,01:20:15,云南省,2014-05-30,2014,5,30
27.1891,103.4086,Earthquake,12.0,6.2,08:30:14,云南省,2014-08-03,2014,8,3
23.3834,100.4702,Earthquake,8.51,6.1,13:49:40,云南省,2014-10-07,2014,10,7
20.6545,120.0724,Earthquake,4.0,5.8,03:29:11,中华人民共和国,2014-11-21,2014,11,21
30.3398,101.7374,Earthquake,9.0,5.9,08:55:27,四川省,2014-11-22,2014,11,22
30.1884,101.7618,Earthquake,9.0,5.6,15:19:08,四川省,2014-11-25,2014,11,25
23.3363,100.4736,Earthquake,11.0,5.6,18:43:46,云南省,2014-12-05,2014,12,5
23.3577,100.53299999999999,Earthquake,10.0,5.6,10:20:02,云南省,2014-12-06,2014,12,6
25.5403,122.4503,Earthquake,256.0,6.1,21:03:39,中华人民共和国,2014-12-10,2014,12,10
22.6374,121.427,Earthquake,30.0,6.2,20:06:32,中华人民共和国,2015-02-13,2015,2,13
23.7235,121.75,Earthquake,35.0,5.5,10:13:51,中华人民共和国,2015-03-23,2015,3,23
24.2026,122.3158,Earthquake,29.0,6.4,01:42:58,中华人民共和国,2015-04-20,2015,4,20
24.0851,122.45299999999999,Earthquake,29.0,6.0,11:45:13,中华人民共和国,2015-04-20,2015,4,20
24.0471,122.4532,Earthquake,29.0,6.1,12:00:00,中华人民共和国,2015-04-20,2015,4,20
28.3902,87.3173,Earthquake,10.0,5.7,09:17:02,西藏自治区,2015-04-25,2015,4,25
37.4593,78.1542,Earthquake,20.0,6.4,01:07:47,新疆维吾尔自治区,2015-07-03,2015,7,3
23.9689,122.4897,Earthquake,17.32,5.6,14:08:00,中华人民共和国,2015-08-13,2015,8,13
22.7548,121.6561,Earthquake,7.0,5.5,21:09:41,中华人民共和国,2015-11-01,2015,11,1
44.8069,129.9406,Earthquake,585.47,5.8,04:22:20,黑龙江省,2016-01-02,2016,1,2
22.8626,121.3206,Earthquake,27.1,5.6,02:13:27,中华人民共和国,2016-01-19,2016,1,19
37.6709,101.6409,Earthquake,9.0,5.9,17:13:14,青海省,2016-01-20,2016,1,20
25.5745,123.4476,Earthquake,196.0,5.7,14:19:23,中华人民共和国,2016-02-02,2016,2,2
22.9375,120.6014,Earthquake,23.0,6.4,19:57:27,台湾省,2016-02-05,2016,2,5
24.2309,121.8009,Earthquake,13.0,5.5,15:17:14,中华人民共和国,2016-04-27,2016,4,27
24.6953,121.9839,Earthquake,8.0,5.8,03:17:15,中华人民共和国,2016-05-12,2016,5,12
24.6833,122.0531,Earthquake,9.0,5.7,04:29:56,中华人民共和国,2016-05-12,2016,5,12
25.5615,122.5458,Earthquake,246.4,6.4,05:23:47,中华人民共和国,2016-05-31,2016,5,31
22.6258,121.436,Earthquake,14.0,5.8,15:51:59,中华人民共和国,2016-10-06,2016,10,6
32.8959,94.8768,Earthquake,35.0,5.9,07:14:51,青海省,2016-10-17,2016,10,17
39.2732,73.9776,Earthquake,17.0,6.6,14:24:31,新疆维吾尔自治区,2016-11-25,2016,11,25
43.8229,86.3451,Earthquake,17.55,6.0,05:15:05,新疆维吾尔自治区,2016-12-08,2016,12,8
37.1442,84.9583,Earthquake,10.0,5.6,10:04:39,新疆维吾尔自治区,2016-12-20,2016,12,20
